<?xml version="1.0"?>
<!DOCTYPE hibernate-mapping PUBLIC "-//Hibernate/Hibernate Mapping DTD 3.0//EN"
"http://hibernate.sourceforge.net/hibernate-mapping-3.0.dtd">
<!-- Generated 26 Sep, 2014 11:29:42 AM by Hibernate Tools 3.4.0.CR1 -->
<hibernate-mapping>
    <class name="com.lnt.Employee" table="employee123">
    	<id name="id">
    		<generator class="assigned"/>
    	</id>
    	<property name="name"/>
    	<property name="salary"/>
    	
    	<many-to-one name="address" class="com.lnt.Address" unique="true" column="addressId" cascade="all"/>
    	
    </class>
    
    <class name="com.lnt.Address" table="address123">
    	<id name="addressId">
    		<generator class="assigned"/>
    	</id>
    	<property name="city"/>
    	<property name="country"/>
    	
    	<many-to-one name="employee" class="com.lnt.Employee" unique="true" column="employeeId" cascade="all"/>
    </class>
</hibernate-mapping>